sampleID,forwardReads,reverseReads
SRS4060960,/data/MicrobiomeDB/common/amplicon_sequencing/AnophelesAlbimanus/data/SRR8216065_1.fastq.gz,/data/MicrobiomeDB/common/amplicon_sequencing/AnophelesAlbimanus/data/SRR8216065_2.fastq.qz
SRS4060959,/data/MicrobiomeDB/common/amplicon_sequencing/AnophelesAlbimanus/data/SRR8216066_1.fastq.gz,/data/MicrobiomeDB/common/amplicon_sequencing/AnophelesAlbimanus/data/SRR8216066_2.fastq.qz
SRS4060958,/data/MicrobiomeDB/common/amplicon_sequencing/AnophelesAlbimanus/data/SRR8216067_1.fastq.gz,/data/MicrobiomeDB/common/amplicon_sequencing/AnophelesAlbimanus/data/SRR8216067_2.fastq.qz
SRS4060957,/data/MicrobiomeDB/common/amplicon_sequencing/AnophelesAlbimanus/data/SRR8216068_1.fastq.gz,/data/MicrobiomeDB/common/amplicon_sequencing/AnophelesAlbimanus/data/SRR8216068_2.fastq.qz
SRS4060956,/data/MicrobiomeDB/common/amplicon_sequencing/AnophelesAlbimanus/data/SRR8216069_1.fastq.gz,/data/MicrobiomeDB/common/amplicon_sequencing/AnophelesAlbimanus/data/SRR8216069_2.fastq.qz
SRS4060955,/data/MicrobiomeDB/common/amplicon_sequencing/AnophelesAlbimanus/data/SRR8216070_1.fastq.gz,/data/MicrobiomeDB/common/amplicon_sequencing/AnophelesAlbimanus/data/SRR8216070_2.fastq.qz
SRS4060954,/data/MicrobiomeDB/common/amplicon_sequencing/AnophelesAlbimanus/data/SRR8216071_1.fastq.gz,/data/MicrobiomeDB/common/amplicon_sequencing/AnophelesAlbimanus/data/SRR8216071_2.fastq.qz
SRS4060953,/data/MicrobiomeDB/common/amplicon_sequencing/AnophelesAlbimanus/data/SRR8216072_1.fastq.gz,/data/MicrobiomeDB/common/amplicon_sequencing/AnophelesAlbimanus/data/SRR8216072_2.fastq.qz
SRS4060952,/data/MicrobiomeDB/common/amplicon_sequencing/AnophelesAlbimanus/data/SRR8216073_1.fastq.gz,/data/MicrobiomeDB/common/amplicon_sequencing/AnophelesAlbimanus/data/SRR8216073_2.fastq.qz
SRS4060951,/data/MicrobiomeDB/common/amplicon_sequencing/AnophelesAlbimanus/data/SRR8216074_1.fastq.gz,/data/MicrobiomeDB/common/amplicon_sequencing/AnophelesAlbimanus/data/SRR8216074_2.fastq.qz
SRS4060950,/data/MicrobiomeDB/common/amplicon_sequencing/AnophelesAlbimanus/data/SRR8216075_1.fastq.gz,/data/MicrobiomeDB/common/amplicon_sequencing/AnophelesAlbimanus/data/SRR8216075_2.fastq.qz
SRS4060949,/data/MicrobiomeDB/common/amplicon_sequencing/AnophelesAlbimanus/data/SRR8216076_1.fastq.gz,/data/MicrobiomeDB/common/amplicon_sequencing/AnophelesAlbimanus/data/SRR8216076_2.fastq.qz
SRS4060948,/data/MicrobiomeDB/common/amplicon_sequencing/AnophelesAlbimanus/data/SRR8216077_1.fastq.gz,/data/MicrobiomeDB/common/amplicon_sequencing/AnophelesAlbimanus/data/SRR8216077_2.fastq.qz
SRS4060947,/data/MicrobiomeDB/common/amplicon_sequencing/AnophelesAlbimanus/data/SRR8216078_1.fastq.gz,/data/MicrobiomeDB/common/amplicon_sequencing/AnophelesAlbimanus/data/SRR8216078_2.fastq.qz
SRS4060946,/data/MicrobiomeDB/common/amplicon_sequencing/AnophelesAlbimanus/data/SRR8216079_1.fastq.gz,/data/MicrobiomeDB/common/amplicon_sequencing/AnophelesAlbimanus/data/SRR8216079_2.fastq.qz
SRS4060945,/data/MicrobiomeDB/common/amplicon_sequencing/AnophelesAlbimanus/data/SRR8216080_1.fastq.gz,/data/MicrobiomeDB/common/amplicon_sequencing/AnophelesAlbimanus/data/SRR8216080_2.fastq.qz
SRS4060944,/data/MicrobiomeDB/common/amplicon_sequencing/AnophelesAlbimanus/data/SRR8216081_1.fastq.gz,/data/MicrobiomeDB/common/amplicon_sequencing/AnophelesAlbimanus/data/SRR8216081_2.fastq.qz
SRS4060943,/data/MicrobiomeDB/common/amplicon_sequencing/AnophelesAlbimanus/data/SRR8216082_1.fastq.gz,/data/MicrobiomeDB/common/amplicon_sequencing/AnophelesAlbimanus/data/SRR8216082_2.fastq.qz
SRS4060942,/data/MicrobiomeDB/common/amplicon_sequencing/AnophelesAlbimanus/data/SRR8216083_1.fastq.gz,/data/MicrobiomeDB/common/amplicon_sequencing/AnophelesAlbimanus/data/SRR8216083_2.fastq.qz
SRS4060941,/data/MicrobiomeDB/common/amplicon_sequencing/AnophelesAlbimanus/data/SRR8216084_1.fastq.gz,/data/MicrobiomeDB/common/amplicon_sequencing/AnophelesAlbimanus/data/SRR8216084_2.fastq.qz
SRS4060940,/data/MicrobiomeDB/common/amplicon_sequencing/AnophelesAlbimanus/data/SRR8216085_1.fastq.gz,/data/MicrobiomeDB/common/amplicon_sequencing/AnophelesAlbimanus/data/SRR8216085_2.fastq.qz
SRS4060939,/data/MicrobiomeDB/common/amplicon_sequencing/AnophelesAlbimanus/data/SRR8216086_1.fastq.gz,/data/MicrobiomeDB/common/amplicon_sequencing/AnophelesAlbimanus/data/SRR8216086_2.fastq.qz
SRS4060938,/data/MicrobiomeDB/common/amplicon_sequencing/AnophelesAlbimanus/data/SRR8216087_1.fastq.gz,/data/MicrobiomeDB/common/amplicon_sequencing/AnophelesAlbimanus/data/SRR8216087_2.fastq.qz
SRS4060937,/data/MicrobiomeDB/common/amplicon_sequencing/AnophelesAlbimanus/data/SRR8216088_1.fastq.gz,/data/MicrobiomeDB/common/amplicon_sequencing/AnophelesAlbimanus/data/SRR8216088_2.fastq.qz
SRS4060936,/data/MicrobiomeDB/common/amplicon_sequencing/AnophelesAlbimanus/data/SRR8216089_1.fastq.gz,/data/MicrobiomeDB/common/amplicon_sequencing/AnophelesAlbimanus/data/SRR8216089_2.fastq.qz
SRS4060935,/data/MicrobiomeDB/common/amplicon_sequencing/AnophelesAlbimanus/data/SRR8216090_1.fastq.gz,/data/MicrobiomeDB/common/amplicon_sequencing/AnophelesAlbimanus/data/SRR8216090_2.fastq.qz
SRS4060934,/data/MicrobiomeDB/common/amplicon_sequencing/AnophelesAlbimanus/data/SRR8216091_1.fastq.gz,/data/MicrobiomeDB/common/amplicon_sequencing/AnophelesAlbimanus/data/SRR8216091_2.fastq.qz
SRS4060933,/data/MicrobiomeDB/common/amplicon_sequencing/AnophelesAlbimanus/data/SRR8216092_1.fastq.gz,/data/MicrobiomeDB/common/amplicon_sequencing/AnophelesAlbimanus/data/SRR8216092_2.fastq.qz
SRS4060932,/data/MicrobiomeDB/common/amplicon_sequencing/AnophelesAlbimanus/data/SRR8216093_1.fastq.gz,/data/MicrobiomeDB/common/amplicon_sequencing/AnophelesAlbimanus/data/SRR8216093_2.fastq.qz
SRS4060931,/data/MicrobiomeDB/common/amplicon_sequencing/AnophelesAlbimanus/data/SRR8216094_1.fastq.gz,/data/MicrobiomeDB/common/amplicon_sequencing/AnophelesAlbimanus/data/SRR8216094_2.fastq.qz
SRS4060930,/data/MicrobiomeDB/common/amplicon_sequencing/AnophelesAlbimanus/data/SRR8216095_1.fastq.gz,/data/MicrobiomeDB/common/amplicon_sequencing/AnophelesAlbimanus/data/SRR8216095_2.fastq.qz
SRS4060928,/data/MicrobiomeDB/common/amplicon_sequencing/AnophelesAlbimanus/data/SRR8216096_1.fastq.gz,/data/MicrobiomeDB/common/amplicon_sequencing/AnophelesAlbimanus/data/SRR8216096_2.fastq.qz
SRS4060929,/data/MicrobiomeDB/common/amplicon_sequencing/AnophelesAlbimanus/data/SRR8216097_1.fastq.gz,/data/MicrobiomeDB/common/amplicon_sequencing/AnophelesAlbimanus/data/SRR8216097_2.fastq.qz
SRS4060927,/data/MicrobiomeDB/common/amplicon_sequencing/AnophelesAlbimanus/data/SRR8216098_1.fastq.gz,/data/MicrobiomeDB/common/amplicon_sequencing/AnophelesAlbimanus/data/SRR8216098_2.fastq.qz
SRS4060926,/data/MicrobiomeDB/common/amplicon_sequencing/AnophelesAlbimanus/data/SRR8216099_1.fastq.gz,/data/MicrobiomeDB/common/amplicon_sequencing/AnophelesAlbimanus/data/SRR8216099_2.fastq.qz
SRS4060925,/data/MicrobiomeDB/common/amplicon_sequencing/AnophelesAlbimanus/data/SRR8216100_1.fastq.gz,/data/MicrobiomeDB/common/amplicon_sequencing/AnophelesAlbimanus/data/SRR8216100_2.fastq.qz
SRS4060924,/data/MicrobiomeDB/common/amplicon_sequencing/AnophelesAlbimanus/data/SRR8216101_1.fastq.gz,/data/MicrobiomeDB/common/amplicon_sequencing/AnophelesAlbimanus/data/SRR8216101_2.fastq.qz
SRS4060923,/data/MicrobiomeDB/common/amplicon_sequencing/AnophelesAlbimanus/data/SRR8216102_1.fastq.gz,/data/MicrobiomeDB/common/amplicon_sequencing/AnophelesAlbimanus/data/SRR8216102_2.fastq.qz
SRS4060922,/data/MicrobiomeDB/common/amplicon_sequencing/AnophelesAlbimanus/data/SRR8216103_1.fastq.gz,/data/MicrobiomeDB/common/amplicon_sequencing/AnophelesAlbimanus/data/SRR8216103_2.fastq.qz
SRS4060921,/data/MicrobiomeDB/common/amplicon_sequencing/AnophelesAlbimanus/data/SRR8216104_1.fastq.gz,/data/MicrobiomeDB/common/amplicon_sequencing/AnophelesAlbimanus/data/SRR8216104_2.fastq.qz
SRS4060920,/data/MicrobiomeDB/common/amplicon_sequencing/AnophelesAlbimanus/data/SRR8216105_1.fastq.gz,/data/MicrobiomeDB/common/amplicon_sequencing/AnophelesAlbimanus/data/SRR8216105_2.fastq.qz
SRS4060919,/data/MicrobiomeDB/common/amplicon_sequencing/AnophelesAlbimanus/data/SRR8216106_1.fastq.gz,/data/MicrobiomeDB/common/amplicon_sequencing/AnophelesAlbimanus/data/SRR8216106_2.fastq.qz
SRS4060918,/data/MicrobiomeDB/common/amplicon_sequencing/AnophelesAlbimanus/data/SRR8216107_1.fastq.gz,/data/MicrobiomeDB/common/amplicon_sequencing/AnophelesAlbimanus/data/SRR8216107_2.fastq.qz
SRS4060917,/data/MicrobiomeDB/common/amplicon_sequencing/AnophelesAlbimanus/data/SRR8216108_1.fastq.gz,/data/MicrobiomeDB/common/amplicon_sequencing/AnophelesAlbimanus/data/SRR8216108_2.fastq.qz
SRS4060916,/data/MicrobiomeDB/common/amplicon_sequencing/AnophelesAlbimanus/data/SRR8216109_1.fastq.gz,/data/MicrobiomeDB/common/amplicon_sequencing/AnophelesAlbimanus/data/SRR8216109_2.fastq.qz
SRS4060915,/data/MicrobiomeDB/common/amplicon_sequencing/AnophelesAlbimanus/data/SRR8216110_1.fastq.gz,/data/MicrobiomeDB/common/amplicon_sequencing/AnophelesAlbimanus/data/SRR8216110_2.fastq.qz
SRS4060914,/data/MicrobiomeDB/common/amplicon_sequencing/AnophelesAlbimanus/data/SRR8216111_1.fastq.gz,/data/MicrobiomeDB/common/amplicon_sequencing/AnophelesAlbimanus/data/SRR8216111_2.fastq.qz
SRS4060913,/data/MicrobiomeDB/common/amplicon_sequencing/AnophelesAlbimanus/data/SRR8216112_1.fastq.gz,/data/MicrobiomeDB/common/amplicon_sequencing/AnophelesAlbimanus/data/SRR8216112_2.fastq.qz
SRS4060912,/data/MicrobiomeDB/common/amplicon_sequencing/AnophelesAlbimanus/data/SRR8216113_1.fastq.gz,/data/MicrobiomeDB/common/amplicon_sequencing/AnophelesAlbimanus/data/SRR8216113_2.fastq.qz
SRS4060911,/data/MicrobiomeDB/common/amplicon_sequencing/AnophelesAlbimanus/data/SRR8216114_1.fastq.gz,/data/MicrobiomeDB/common/amplicon_sequencing/AnophelesAlbimanus/data/SRR8216114_2.fastq.qz
SRS4060910,/data/MicrobiomeDB/common/amplicon_sequencing/AnophelesAlbimanus/data/SRR8216115_1.fastq.gz,/data/MicrobiomeDB/common/amplicon_sequencing/AnophelesAlbimanus/data/SRR8216115_2.fastq.qz
SRS4060909,/data/MicrobiomeDB/common/amplicon_sequencing/AnophelesAlbimanus/data/SRR8216116_1.fastq.gz,/data/MicrobiomeDB/common/amplicon_sequencing/AnophelesAlbimanus/data/SRR8216116_2.fastq.qz
SRS4060908,/data/MicrobiomeDB/common/amplicon_sequencing/AnophelesAlbimanus/data/SRR8216117_1.fastq.gz,/data/MicrobiomeDB/common/amplicon_sequencing/AnophelesAlbimanus/data/SRR8216117_2.fastq.qz
SRS4060907,/data/MicrobiomeDB/common/amplicon_sequencing/AnophelesAlbimanus/data/SRR8216118_1.fastq.gz,/data/MicrobiomeDB/common/amplicon_sequencing/AnophelesAlbimanus/data/SRR8216118_2.fastq.qz
SRS4060906,/data/MicrobiomeDB/common/amplicon_sequencing/AnophelesAlbimanus/data/SRR8216119_1.fastq.gz,/data/MicrobiomeDB/common/amplicon_sequencing/AnophelesAlbimanus/data/SRR8216119_2.fastq.qz
SRS4060905,/data/MicrobiomeDB/common/amplicon_sequencing/AnophelesAlbimanus/data/SRR8216120_1.fastq.gz,/data/MicrobiomeDB/common/amplicon_sequencing/AnophelesAlbimanus/data/SRR8216120_2.fastq.qz
SRS4060904,/data/MicrobiomeDB/common/amplicon_sequencing/AnophelesAlbimanus/data/SRR8216121_1.fastq.gz,/data/MicrobiomeDB/common/amplicon_sequencing/AnophelesAlbimanus/data/SRR8216121_2.fastq.qz
SRS4060903,/data/MicrobiomeDB/common/amplicon_sequencing/AnophelesAlbimanus/data/SRR8216122_1.fastq.gz,/data/MicrobiomeDB/common/amplicon_sequencing/AnophelesAlbimanus/data/SRR8216122_2.fastq.qz
SRS4060902,/data/MicrobiomeDB/common/amplicon_sequencing/AnophelesAlbimanus/data/SRR8216123_1.fastq.gz,/data/MicrobiomeDB/common/amplicon_sequencing/AnophelesAlbimanus/data/SRR8216123_2.fastq.qz
SRS4060901,/data/MicrobiomeDB/common/amplicon_sequencing/AnophelesAlbimanus/data/SRR8216124_1.fastq.gz,/data/MicrobiomeDB/common/amplicon_sequencing/AnophelesAlbimanus/data/SRR8216124_2.fastq.qz
SRS4060900,/data/MicrobiomeDB/common/amplicon_sequencing/AnophelesAlbimanus/data/SRR8216125_1.fastq.gz,/data/MicrobiomeDB/common/amplicon_sequencing/AnophelesAlbimanus/data/SRR8216125_2.fastq.qz
SRS4060899,/data/MicrobiomeDB/common/amplicon_sequencing/AnophelesAlbimanus/data/SRR8216126_1.fastq.gz,/data/MicrobiomeDB/common/amplicon_sequencing/AnophelesAlbimanus/data/SRR8216126_2.fastq.qz
SRS4060898,/data/MicrobiomeDB/common/amplicon_sequencing/AnophelesAlbimanus/data/SRR8216127_1.fastq.gz,/data/MicrobiomeDB/common/amplicon_sequencing/AnophelesAlbimanus/data/SRR8216127_2.fastq.qz
SRS4060897,/data/MicrobiomeDB/common/amplicon_sequencing/AnophelesAlbimanus/data/SRR8216128_1.fastq.gz,/data/MicrobiomeDB/common/amplicon_sequencing/AnophelesAlbimanus/data/SRR8216128_2.fastq.qz
SRS4060896,/data/MicrobiomeDB/common/amplicon_sequencing/AnophelesAlbimanus/data/SRR8216129_1.fastq.gz,/data/MicrobiomeDB/common/amplicon_sequencing/AnophelesAlbimanus/data/SRR8216129_2.fastq.qz
SRS4060895,/data/MicrobiomeDB/common/amplicon_sequencing/AnophelesAlbimanus/data/SRR8216130_1.fastq.gz,/data/MicrobiomeDB/common/amplicon_sequencing/AnophelesAlbimanus/data/SRR8216130_2.fastq.qz
SRS4060894,/data/MicrobiomeDB/common/amplicon_sequencing/AnophelesAlbimanus/data/SRR8216131_1.fastq.gz,/data/MicrobiomeDB/common/amplicon_sequencing/AnophelesAlbimanus/data/SRR8216131_2.fastq.qz
SRS4060893,/data/MicrobiomeDB/common/amplicon_sequencing/AnophelesAlbimanus/data/SRR8216132_1.fastq.gz,/data/MicrobiomeDB/common/amplicon_sequencing/AnophelesAlbimanus/data/SRR8216132_2.fastq.qz
SRS4060892,/data/MicrobiomeDB/common/amplicon_sequencing/AnophelesAlbimanus/data/SRR8216133_1.fastq.gz,/data/MicrobiomeDB/common/amplicon_sequencing/AnophelesAlbimanus/data/SRR8216133_2.fastq.qz
SRS4060890,/data/MicrobiomeDB/common/amplicon_sequencing/AnophelesAlbimanus/data/SRR8216134_1.fastq.gz,/data/MicrobiomeDB/common/amplicon_sequencing/AnophelesAlbimanus/data/SRR8216134_2.fastq.qz
SRS4060891,/data/MicrobiomeDB/common/amplicon_sequencing/AnophelesAlbimanus/data/SRR8216135_1.fastq.gz,/data/MicrobiomeDB/common/amplicon_sequencing/AnophelesAlbimanus/data/SRR8216135_2.fastq.qz
SRS4060889,/data/MicrobiomeDB/common/amplicon_sequencing/AnophelesAlbimanus/data/SRR8216136_1.fastq.gz,/data/MicrobiomeDB/common/amplicon_sequencing/AnophelesAlbimanus/data/SRR8216136_2.fastq.qz
SRS4060888,/data/MicrobiomeDB/common/amplicon_sequencing/AnophelesAlbimanus/data/SRR8216137_1.fastq.gz,/data/MicrobiomeDB/common/amplicon_sequencing/AnophelesAlbimanus/data/SRR8216137_2.fastq.qz
SRS4060887,/data/MicrobiomeDB/common/amplicon_sequencing/AnophelesAlbimanus/data/SRR8216138_1.fastq.gz,/data/MicrobiomeDB/common/amplicon_sequencing/AnophelesAlbimanus/data/SRR8216138_2.fastq.qz
SRS4060886,/data/MicrobiomeDB/common/amplicon_sequencing/AnophelesAlbimanus/data/SRR8216139_1.fastq.gz,/data/MicrobiomeDB/common/amplicon_sequencing/AnophelesAlbimanus/data/SRR8216139_2.fastq.qz
SRS4060885,/data/MicrobiomeDB/common/amplicon_sequencing/AnophelesAlbimanus/data/SRR8216140_1.fastq.gz,/data/MicrobiomeDB/common/amplicon_sequencing/AnophelesAlbimanus/data/SRR8216140_2.fastq.qz
SRS4060884,/data/MicrobiomeDB/common/amplicon_sequencing/AnophelesAlbimanus/data/SRR8216141_1.fastq.gz,/data/MicrobiomeDB/common/amplicon_sequencing/AnophelesAlbimanus/data/SRR8216141_2.fastq.qz
SRS4060883,/data/MicrobiomeDB/common/amplicon_sequencing/AnophelesAlbimanus/data/SRR8216142_1.fastq.gz,/data/MicrobiomeDB/common/amplicon_sequencing/AnophelesAlbimanus/data/SRR8216142_2.fastq.qz
SRS4060882,/data/MicrobiomeDB/common/amplicon_sequencing/AnophelesAlbimanus/data/SRR8216143_1.fastq.gz,/data/MicrobiomeDB/common/amplicon_sequencing/AnophelesAlbimanus/data/SRR8216143_2.fastq.qz
SRS4060881,/data/MicrobiomeDB/common/amplicon_sequencing/AnophelesAlbimanus/data/SRR8216144_1.fastq.gz,/data/MicrobiomeDB/common/amplicon_sequencing/AnophelesAlbimanus/data/SRR8216144_2.fastq.qz
SRS4060880,/data/MicrobiomeDB/common/amplicon_sequencing/AnophelesAlbimanus/data/SRR8216145_1.fastq.gz,/data/MicrobiomeDB/common/amplicon_sequencing/AnophelesAlbimanus/data/SRR8216145_2.fastq.qz
SRS4060879,/data/MicrobiomeDB/common/amplicon_sequencing/AnophelesAlbimanus/data/SRR8216146_1.fastq.gz,/data/MicrobiomeDB/common/amplicon_sequencing/AnophelesAlbimanus/data/SRR8216146_2.fastq.qz
SRS4060878,/data/MicrobiomeDB/common/amplicon_sequencing/AnophelesAlbimanus/data/SRR8216147_1.fastq.gz,/data/MicrobiomeDB/common/amplicon_sequencing/AnophelesAlbimanus/data/SRR8216147_2.fastq.qz
SRS4060877,/data/MicrobiomeDB/common/amplicon_sequencing/AnophelesAlbimanus/data/SRR8216148_1.fastq.gz,/data/MicrobiomeDB/common/amplicon_sequencing/AnophelesAlbimanus/data/SRR8216148_2.fastq.qz
SRS4060876,/data/MicrobiomeDB/common/amplicon_sequencing/AnophelesAlbimanus/data/SRR8216149_1.fastq.gz,/data/MicrobiomeDB/common/amplicon_sequencing/AnophelesAlbimanus/data/SRR8216149_2.fastq.qz
SRS4060875,/data/MicrobiomeDB/common/amplicon_sequencing/AnophelesAlbimanus/data/SRR8216150_1.fastq.gz,/data/MicrobiomeDB/common/amplicon_sequencing/AnophelesAlbimanus/data/SRR8216150_2.fastq.qz
SRS4060874,/data/MicrobiomeDB/common/amplicon_sequencing/AnophelesAlbimanus/data/SRR8216151_1.fastq.gz,/data/MicrobiomeDB/common/amplicon_sequencing/AnophelesAlbimanus/data/SRR8216151_2.fastq.qz
SRS4060873,/data/MicrobiomeDB/common/amplicon_sequencing/AnophelesAlbimanus/data/SRR8216152_1.fastq.gz,/data/MicrobiomeDB/common/amplicon_sequencing/AnophelesAlbimanus/data/SRR8216152_2.fastq.qz
SRS4060872,/data/MicrobiomeDB/common/amplicon_sequencing/AnophelesAlbimanus/data/SRR8216153_1.fastq.gz,/data/MicrobiomeDB/common/amplicon_sequencing/AnophelesAlbimanus/data/SRR8216153_2.fastq.qz
SRS4060871,/data/MicrobiomeDB/common/amplicon_sequencing/AnophelesAlbimanus/data/SRR8216154_1.fastq.gz,/data/MicrobiomeDB/common/amplicon_sequencing/AnophelesAlbimanus/data/SRR8216154_2.fastq.qz
SRS4060870,/data/MicrobiomeDB/common/amplicon_sequencing/AnophelesAlbimanus/data/SRR8216155_1.fastq.gz,/data/MicrobiomeDB/common/amplicon_sequencing/AnophelesAlbimanus/data/SRR8216155_2.fastq.qz
SRS4060868,/data/MicrobiomeDB/common/amplicon_sequencing/AnophelesAlbimanus/data/SRR8216156_1.fastq.gz,/data/MicrobiomeDB/common/amplicon_sequencing/AnophelesAlbimanus/data/SRR8216156_2.fastq.qz
SRS4060869,/data/MicrobiomeDB/common/amplicon_sequencing/AnophelesAlbimanus/data/SRR8216157_1.fastq.gz,/data/MicrobiomeDB/common/amplicon_sequencing/AnophelesAlbimanus/data/SRR8216157_2.fastq.qz
SRS4060867,/data/MicrobiomeDB/common/amplicon_sequencing/AnophelesAlbimanus/data/SRR8216158_1.fastq.gz,/data/MicrobiomeDB/common/amplicon_sequencing/AnophelesAlbimanus/data/SRR8216158_2.fastq.qz
SRS4060865,/data/MicrobiomeDB/common/amplicon_sequencing/AnophelesAlbimanus/data/SRR8216159_1.fastq.gz,/data/MicrobiomeDB/common/amplicon_sequencing/AnophelesAlbimanus/data/SRR8216159_2.fastq.qz
SRS4060866,/data/MicrobiomeDB/common/amplicon_sequencing/AnophelesAlbimanus/data/SRR8216160_1.fastq.gz,/data/MicrobiomeDB/common/amplicon_sequencing/AnophelesAlbimanus/data/SRR8216160_2.fastq.qz
SRS4060864,/data/MicrobiomeDB/common/amplicon_sequencing/AnophelesAlbimanus/data/SRR8216161_1.fastq.gz,/data/MicrobiomeDB/common/amplicon_sequencing/AnophelesAlbimanus/data/SRR8216161_2.fastq.qz
SRS4060863,/data/MicrobiomeDB/common/amplicon_sequencing/AnophelesAlbimanus/data/SRR8216162_1.fastq.gz,/data/MicrobiomeDB/common/amplicon_sequencing/AnophelesAlbimanus/data/SRR8216162_2.fastq.qz
SRS4060862,/data/MicrobiomeDB/common/amplicon_sequencing/AnophelesAlbimanus/data/SRR8216163_1.fastq.gz,/data/MicrobiomeDB/common/amplicon_sequencing/AnophelesAlbimanus/data/SRR8216163_2.fastq.qz
SRS4060861,/data/MicrobiomeDB/common/amplicon_sequencing/AnophelesAlbimanus/data/SRR8216164_1.fastq.gz,/data/MicrobiomeDB/common/amplicon_sequencing/AnophelesAlbimanus/data/SRR8216164_2.fastq.qz
SRS4060859,/data/MicrobiomeDB/common/amplicon_sequencing/AnophelesAlbimanus/data/SRR8216165_1.fastq.gz,/data/MicrobiomeDB/common/amplicon_sequencing/AnophelesAlbimanus/data/SRR8216165_2.fastq.qz
SRS4060860,/data/MicrobiomeDB/common/amplicon_sequencing/AnophelesAlbimanus/data/SRR8216166_1.fastq.gz,/data/MicrobiomeDB/common/amplicon_sequencing/AnophelesAlbimanus/data/SRR8216166_2.fastq.qz
SRS4060858,/data/MicrobiomeDB/common/amplicon_sequencing/AnophelesAlbimanus/data/SRR8216167_1.fastq.gz,/data/MicrobiomeDB/common/amplicon_sequencing/AnophelesAlbimanus/data/SRR8216167_2.fastq.qz
SRS4060857,/data/MicrobiomeDB/common/amplicon_sequencing/AnophelesAlbimanus/data/SRR8216168_1.fastq.gz,/data/MicrobiomeDB/common/amplicon_sequencing/AnophelesAlbimanus/data/SRR8216168_2.fastq.qz
SRS4060856,/data/MicrobiomeDB/common/amplicon_sequencing/AnophelesAlbimanus/data/SRR8216169_1.fastq.gz,/data/MicrobiomeDB/common/amplicon_sequencing/AnophelesAlbimanus/data/SRR8216169_2.fastq.qz
SRS4060855,/data/MicrobiomeDB/common/amplicon_sequencing/AnophelesAlbimanus/data/SRR8216170_1.fastq.gz,/data/MicrobiomeDB/common/amplicon_sequencing/AnophelesAlbimanus/data/SRR8216170_2.fastq.qz
SRS4060853,/data/MicrobiomeDB/common/amplicon_sequencing/AnophelesAlbimanus/data/SRR8216171_1.fastq.gz,/data/MicrobiomeDB/common/amplicon_sequencing/AnophelesAlbimanus/data/SRR8216171_2.fastq.qz
SRS4060854,/data/MicrobiomeDB/common/amplicon_sequencing/AnophelesAlbimanus/data/SRR8216172_1.fastq.gz,/data/MicrobiomeDB/common/amplicon_sequencing/AnophelesAlbimanus/data/SRR8216172_2.fastq.qz
SRS4060852,/data/MicrobiomeDB/common/amplicon_sequencing/AnophelesAlbimanus/data/SRR8216173_1.fastq.gz,/data/MicrobiomeDB/common/amplicon_sequencing/AnophelesAlbimanus/data/SRR8216173_2.fastq.qz
SRS4060851,/data/MicrobiomeDB/common/amplicon_sequencing/AnophelesAlbimanus/data/SRR8216174_1.fastq.gz,/data/MicrobiomeDB/common/amplicon_sequencing/AnophelesAlbimanus/data/SRR8216174_2.fastq.qz
SRS4060850,/data/MicrobiomeDB/common/amplicon_sequencing/AnophelesAlbimanus/data/SRR8216175_1.fastq.gz,/data/MicrobiomeDB/common/amplicon_sequencing/AnophelesAlbimanus/data/SRR8216175_2.fastq.qz
SRS4060849,/data/MicrobiomeDB/common/amplicon_sequencing/AnophelesAlbimanus/data/SRR8216176_1.fastq.gz,/data/MicrobiomeDB/common/amplicon_sequencing/AnophelesAlbimanus/data/SRR8216176_2.fastq.qz
SRS4060847,/data/MicrobiomeDB/common/amplicon_sequencing/AnophelesAlbimanus/data/SRR8216177_1.fastq.gz,/data/MicrobiomeDB/common/amplicon_sequencing/AnophelesAlbimanus/data/SRR8216177_2.fastq.qz
SRS4060848,/data/MicrobiomeDB/common/amplicon_sequencing/AnophelesAlbimanus/data/SRR8216178_1.fastq.gz,/data/MicrobiomeDB/common/amplicon_sequencing/AnophelesAlbimanus/data/SRR8216178_2.fastq.qz
SRS4060846,/data/MicrobiomeDB/common/amplicon_sequencing/AnophelesAlbimanus/data/SRR8216179_1.fastq.gz,/data/MicrobiomeDB/common/amplicon_sequencing/AnophelesAlbimanus/data/SRR8216179_2.fastq.qz
SRS4060843,/data/MicrobiomeDB/common/amplicon_sequencing/AnophelesAlbimanus/data/SRR8216180_1.fastq.gz,/data/MicrobiomeDB/common/amplicon_sequencing/AnophelesAlbimanus/data/SRR8216180_2.fastq.qz
SRS4060844,/data/MicrobiomeDB/common/amplicon_sequencing/AnophelesAlbimanus/data/SRR8216181_1.fastq.gz,/data/MicrobiomeDB/common/amplicon_sequencing/AnophelesAlbimanus/data/SRR8216181_2.fastq.qz
SRS4060845,/data/MicrobiomeDB/common/amplicon_sequencing/AnophelesAlbimanus/data/SRR8216182_1.fastq.gz,/data/MicrobiomeDB/common/amplicon_sequencing/AnophelesAlbimanus/data/SRR8216182_2.fastq.qz
SRS4060842,/data/MicrobiomeDB/common/amplicon_sequencing/AnophelesAlbimanus/data/SRR8216183_1.fastq.gz,/data/MicrobiomeDB/common/amplicon_sequencing/AnophelesAlbimanus/data/SRR8216183_2.fastq.qz
SRS4060841,/data/MicrobiomeDB/common/amplicon_sequencing/AnophelesAlbimanus/data/SRR8216184_1.fastq.gz,/data/MicrobiomeDB/common/amplicon_sequencing/AnophelesAlbimanus/data/SRR8216184_2.fastq.qz
SRS4060840,/data/MicrobiomeDB/common/amplicon_sequencing/AnophelesAlbimanus/data/SRR8216185_1.fastq.gz,/data/MicrobiomeDB/common/amplicon_sequencing/AnophelesAlbimanus/data/SRR8216185_2.fastq.qz
SRS4060839,/data/MicrobiomeDB/common/amplicon_sequencing/AnophelesAlbimanus/data/SRR8216186_1.fastq.gz,/data/MicrobiomeDB/common/amplicon_sequencing/AnophelesAlbimanus/data/SRR8216186_2.fastq.qz
SRS4060838,/data/MicrobiomeDB/common/amplicon_sequencing/AnophelesAlbimanus/data/SRR8216187_1.fastq.gz,/data/MicrobiomeDB/common/amplicon_sequencing/AnophelesAlbimanus/data/SRR8216187_2.fastq.qz
SRS4060837,/data/MicrobiomeDB/common/amplicon_sequencing/AnophelesAlbimanus/data/SRR8216188_1.fastq.gz,/data/MicrobiomeDB/common/amplicon_sequencing/AnophelesAlbimanus/data/SRR8216188_2.fastq.qz
SRS4060836,/data/MicrobiomeDB/common/amplicon_sequencing/AnophelesAlbimanus/data/SRR8216189_1.fastq.gz,/data/MicrobiomeDB/common/amplicon_sequencing/AnophelesAlbimanus/data/SRR8216189_2.fastq.qz
SRS4060835,/data/MicrobiomeDB/common/amplicon_sequencing/AnophelesAlbimanus/data/SRR8216190_1.fastq.gz,/data/MicrobiomeDB/common/amplicon_sequencing/AnophelesAlbimanus/data/SRR8216190_2.fastq.qz
SRS4060834,/data/MicrobiomeDB/common/amplicon_sequencing/AnophelesAlbimanus/data/SRR8216191_1.fastq.gz,/data/MicrobiomeDB/common/amplicon_sequencing/AnophelesAlbimanus/data/SRR8216191_2.fastq.qz
SRS4060833,/data/MicrobiomeDB/common/amplicon_sequencing/AnophelesAlbimanus/data/SRR8216192_1.fastq.gz,/data/MicrobiomeDB/common/amplicon_sequencing/AnophelesAlbimanus/data/SRR8216192_2.fastq.qz
SRS4060832,/data/MicrobiomeDB/common/amplicon_sequencing/AnophelesAlbimanus/data/SRR8216193_1.fastq.gz,/data/MicrobiomeDB/common/amplicon_sequencing/AnophelesAlbimanus/data/SRR8216193_2.fastq.qz
SRS4060831,/data/MicrobiomeDB/common/amplicon_sequencing/AnophelesAlbimanus/data/SRR8216194_1.fastq.gz,/data/MicrobiomeDB/common/amplicon_sequencing/AnophelesAlbimanus/data/SRR8216194_2.fastq.qz
SRS4060830,/data/MicrobiomeDB/common/amplicon_sequencing/AnophelesAlbimanus/data/SRR8216195_1.fastq.gz,/data/MicrobiomeDB/common/amplicon_sequencing/AnophelesAlbimanus/data/SRR8216195_2.fastq.qz
SRS4060829,/data/MicrobiomeDB/common/amplicon_sequencing/AnophelesAlbimanus/data/SRR8216196_1.fastq.gz,/data/MicrobiomeDB/common/amplicon_sequencing/AnophelesAlbimanus/data/SRR8216196_2.fastq.qz
SRS4060828,/data/MicrobiomeDB/common/amplicon_sequencing/AnophelesAlbimanus/data/SRR8216197_1.fastq.gz,/data/MicrobiomeDB/common/amplicon_sequencing/AnophelesAlbimanus/data/SRR8216197_2.fastq.qz
SRS4060827,/data/MicrobiomeDB/common/amplicon_sequencing/AnophelesAlbimanus/data/SRR8216198_1.fastq.gz,/data/MicrobiomeDB/common/amplicon_sequencing/AnophelesAlbimanus/data/SRR8216198_2.fastq.qz
SRS4060826,/data/MicrobiomeDB/common/amplicon_sequencing/AnophelesAlbimanus/data/SRR8216199_1.fastq.gz,/data/MicrobiomeDB/common/amplicon_sequencing/AnophelesAlbimanus/data/SRR8216199_2.fastq.qz
SRS4060825,/data/MicrobiomeDB/common/amplicon_sequencing/AnophelesAlbimanus/data/SRR8216200_1.fastq.gz,/data/MicrobiomeDB/common/amplicon_sequencing/AnophelesAlbimanus/data/SRR8216200_2.fastq.qz
SRS4060824,/data/MicrobiomeDB/common/amplicon_sequencing/AnophelesAlbimanus/data/SRR8216201_1.fastq.gz,/data/MicrobiomeDB/common/amplicon_sequencing/AnophelesAlbimanus/data/SRR8216201_2.fastq.qz
SRS4060823,/data/MicrobiomeDB/common/amplicon_sequencing/AnophelesAlbimanus/data/SRR8216202_1.fastq.gz,/data/MicrobiomeDB/common/amplicon_sequencing/AnophelesAlbimanus/data/SRR8216202_2.fastq.qz
SRS4060822,/data/MicrobiomeDB/common/amplicon_sequencing/AnophelesAlbimanus/data/SRR8216203_1.fastq.gz,/data/MicrobiomeDB/common/amplicon_sequencing/AnophelesAlbimanus/data/SRR8216203_2.fastq.qz
SRS4060821,/data/MicrobiomeDB/common/amplicon_sequencing/AnophelesAlbimanus/data/SRR8216204_1.fastq.gz,/data/MicrobiomeDB/common/amplicon_sequencing/AnophelesAlbimanus/data/SRR8216204_2.fastq.qz
SRS4060820,/data/MicrobiomeDB/common/amplicon_sequencing/AnophelesAlbimanus/data/SRR8216205_1.fastq.gz,/data/MicrobiomeDB/common/amplicon_sequencing/AnophelesAlbimanus/data/SRR8216205_2.fastq.qz
SRS4060819,/data/MicrobiomeDB/common/amplicon_sequencing/AnophelesAlbimanus/data/SRR8216206_1.fastq.gz,/data/MicrobiomeDB/common/amplicon_sequencing/AnophelesAlbimanus/data/SRR8216206_2.fastq.qz
SRS4060818,/data/MicrobiomeDB/common/amplicon_sequencing/AnophelesAlbimanus/data/SRR8216207_1.fastq.gz,/data/MicrobiomeDB/common/amplicon_sequencing/AnophelesAlbimanus/data/SRR8216207_2.fastq.qz
SRS4060817,/data/MicrobiomeDB/common/amplicon_sequencing/AnophelesAlbimanus/data/SRR8216208_1.fastq.gz,/data/MicrobiomeDB/common/amplicon_sequencing/AnophelesAlbimanus/data/SRR8216208_2.fastq.qz
SRS4060816,/data/MicrobiomeDB/common/amplicon_sequencing/AnophelesAlbimanus/data/SRR8216209_1.fastq.gz,/data/MicrobiomeDB/common/amplicon_sequencing/AnophelesAlbimanus/data/SRR8216209_2.fastq.qz
SRS4060815,/data/MicrobiomeDB/common/amplicon_sequencing/AnophelesAlbimanus/data/SRR8216210_1.fastq.gz,/data/MicrobiomeDB/common/amplicon_sequencing/AnophelesAlbimanus/data/SRR8216210_2.fastq.qz
SRS4060814,/data/MicrobiomeDB/common/amplicon_sequencing/AnophelesAlbimanus/data/SRR8216211_1.fastq.gz,/data/MicrobiomeDB/common/amplicon_sequencing/AnophelesAlbimanus/data/SRR8216211_2.fastq.qz
SRS4060813,/data/MicrobiomeDB/common/amplicon_sequencing/AnophelesAlbimanus/data/SRR8216212_1.fastq.gz,/data/MicrobiomeDB/common/amplicon_sequencing/AnophelesAlbimanus/data/SRR8216212_2.fastq.qz
SRS4060812,/data/MicrobiomeDB/common/amplicon_sequencing/AnophelesAlbimanus/data/SRR8216213_1.fastq.gz,/data/MicrobiomeDB/common/amplicon_sequencing/AnophelesAlbimanus/data/SRR8216213_2.fastq.qz
SRS4060811,/data/MicrobiomeDB/common/amplicon_sequencing/AnophelesAlbimanus/data/SRR8216214_1.fastq.gz,/data/MicrobiomeDB/common/amplicon_sequencing/AnophelesAlbimanus/data/SRR8216214_2.fastq.qz
SRS4060810,/data/MicrobiomeDB/common/amplicon_sequencing/AnophelesAlbimanus/data/SRR8216215_1.fastq.gz,/data/MicrobiomeDB/common/amplicon_sequencing/AnophelesAlbimanus/data/SRR8216215_2.fastq.qz
SRS4060809,/data/MicrobiomeDB/common/amplicon_sequencing/AnophelesAlbimanus/data/SRR8216216_1.fastq.gz,/data/MicrobiomeDB/common/amplicon_sequencing/AnophelesAlbimanus/data/SRR8216216_2.fastq.qz
SRS4060808,/data/MicrobiomeDB/common/amplicon_sequencing/AnophelesAlbimanus/data/SRR8216217_1.fastq.gz,/data/MicrobiomeDB/common/amplicon_sequencing/AnophelesAlbimanus/data/SRR8216217_2.fastq.qz
SRS4060807,/data/MicrobiomeDB/common/amplicon_sequencing/AnophelesAlbimanus/data/SRR8216218_1.fastq.gz,/data/MicrobiomeDB/common/amplicon_sequencing/AnophelesAlbimanus/data/SRR8216218_2.fastq.qz
SRS4060806,/data/MicrobiomeDB/common/amplicon_sequencing/AnophelesAlbimanus/data/SRR8216219_1.fastq.gz,/data/MicrobiomeDB/common/amplicon_sequencing/AnophelesAlbimanus/data/SRR8216219_2.fastq.qz
SRS4060805,/data/MicrobiomeDB/common/amplicon_sequencing/AnophelesAlbimanus/data/SRR8216220_1.fastq.gz,/data/MicrobiomeDB/common/amplicon_sequencing/AnophelesAlbimanus/data/SRR8216220_2.fastq.qz
SRS4060803,/data/MicrobiomeDB/common/amplicon_sequencing/AnophelesAlbimanus/data/SRR8216221_1.fastq.gz,/data/MicrobiomeDB/common/amplicon_sequencing/AnophelesAlbimanus/data/SRR8216221_2.fastq.qz
SRS4060804,/data/MicrobiomeDB/common/amplicon_sequencing/AnophelesAlbimanus/data/SRR8216222_1.fastq.gz,/data/MicrobiomeDB/common/amplicon_sequencing/AnophelesAlbimanus/data/SRR8216222_2.fastq.qz
SRS4060802,/data/MicrobiomeDB/common/amplicon_sequencing/AnophelesAlbimanus/data/SRR8216223_1.fastq.gz,/data/MicrobiomeDB/common/amplicon_sequencing/AnophelesAlbimanus/data/SRR8216223_2.fastq.qz
SRS4060801,/data/MicrobiomeDB/common/amplicon_sequencing/AnophelesAlbimanus/data/SRR8216224_1.fastq.gz,/data/MicrobiomeDB/common/amplicon_sequencing/AnophelesAlbimanus/data/SRR8216224_2.fastq.qz
SRS4060800,/data/MicrobiomeDB/common/amplicon_sequencing/AnophelesAlbimanus/data/SRR8216225_1.fastq.gz,/data/MicrobiomeDB/common/amplicon_sequencing/AnophelesAlbimanus/data/SRR8216225_2.fastq.qz
SRS4060799,/data/MicrobiomeDB/common/amplicon_sequencing/AnophelesAlbimanus/data/SRR8216226_1.fastq.gz,/data/MicrobiomeDB/common/amplicon_sequencing/AnophelesAlbimanus/data/SRR8216226_2.fastq.qz
SRS4060798,/data/MicrobiomeDB/common/amplicon_sequencing/AnophelesAlbimanus/data/SRR8216227_1.fastq.gz,/data/MicrobiomeDB/common/amplicon_sequencing/AnophelesAlbimanus/data/SRR8216227_2.fastq.qz
SRS4060797,/data/MicrobiomeDB/common/amplicon_sequencing/AnophelesAlbimanus/data/SRR8216228_1.fastq.gz,/data/MicrobiomeDB/common/amplicon_sequencing/AnophelesAlbimanus/data/SRR8216228_2.fastq.qz
SRS4060796,/data/MicrobiomeDB/common/amplicon_sequencing/AnophelesAlbimanus/data/SRR8216229_1.fastq.gz,/data/MicrobiomeDB/common/amplicon_sequencing/AnophelesAlbimanus/data/SRR8216229_2.fastq.qz
SRS4060795,/data/MicrobiomeDB/common/amplicon_sequencing/AnophelesAlbimanus/data/SRR8216230_1.fastq.gz,/data/MicrobiomeDB/common/amplicon_sequencing/AnophelesAlbimanus/data/SRR8216230_2.fastq.qz
SRS4060793,/data/MicrobiomeDB/common/amplicon_sequencing/AnophelesAlbimanus/data/SRR8216231_1.fastq.gz,/data/MicrobiomeDB/common/amplicon_sequencing/AnophelesAlbimanus/data/SRR8216231_2.fastq.qz
SRS4060794,/data/MicrobiomeDB/common/amplicon_sequencing/AnophelesAlbimanus/data/SRR8216232_1.fastq.gz,/data/MicrobiomeDB/common/amplicon_sequencing/AnophelesAlbimanus/data/SRR8216232_2.fastq.qz
SRS4060792,/data/MicrobiomeDB/common/amplicon_sequencing/AnophelesAlbimanus/data/SRR8216233_1.fastq.gz,/data/MicrobiomeDB/common/amplicon_sequencing/AnophelesAlbimanus/data/SRR8216233_2.fastq.qz
SRS4060791,/data/MicrobiomeDB/common/amplicon_sequencing/AnophelesAlbimanus/data/SRR8216234_1.fastq.gz,/data/MicrobiomeDB/common/amplicon_sequencing/AnophelesAlbimanus/data/SRR8216234_2.fastq.qz
SRS4060790,/data/MicrobiomeDB/common/amplicon_sequencing/AnophelesAlbimanus/data/SRR8216235_1.fastq.gz,/data/MicrobiomeDB/common/amplicon_sequencing/AnophelesAlbimanus/data/SRR8216235_2.fastq.qz
SRS4060789,/data/MicrobiomeDB/common/amplicon_sequencing/AnophelesAlbimanus/data/SRR8216236_1.fastq.gz,/data/MicrobiomeDB/common/amplicon_sequencing/AnophelesAlbimanus/data/SRR8216236_2.fastq.qz
SRS4060788,/data/MicrobiomeDB/common/amplicon_sequencing/AnophelesAlbimanus/data/SRR8216237_1.fastq.gz,/data/MicrobiomeDB/common/amplicon_sequencing/AnophelesAlbimanus/data/SRR8216237_2.fastq.qz
SRS4060787,/data/MicrobiomeDB/common/amplicon_sequencing/AnophelesAlbimanus/data/SRR8216238_1.fastq.gz,/data/MicrobiomeDB/common/amplicon_sequencing/AnophelesAlbimanus/data/SRR8216238_2.fastq.qz
SRS4060786,/data/MicrobiomeDB/common/amplicon_sequencing/AnophelesAlbimanus/data/SRR8216239_1.fastq.gz,/data/MicrobiomeDB/common/amplicon_sequencing/AnophelesAlbimanus/data/SRR8216239_2.fastq.qz
SRS4060785,/data/MicrobiomeDB/common/amplicon_sequencing/AnophelesAlbimanus/data/SRR8216240_1.fastq.gz,/data/MicrobiomeDB/common/amplicon_sequencing/AnophelesAlbimanus/data/SRR8216240_2.fastq.qz
SRS4060784,/data/MicrobiomeDB/common/amplicon_sequencing/AnophelesAlbimanus/data/SRR8216241_1.fastq.gz,/data/MicrobiomeDB/common/amplicon_sequencing/AnophelesAlbimanus/data/SRR8216241_2.fastq.qz
SRS4060783,/data/MicrobiomeDB/common/amplicon_sequencing/AnophelesAlbimanus/data/SRR8216242_1.fastq.gz,/data/MicrobiomeDB/common/amplicon_sequencing/AnophelesAlbimanus/data/SRR8216242_2.fastq.qz
